Cohort,Session,Group,ID,rrq-0,rrq-1,rrq-2,rrq-3,rrq-4
2,1,2,0103930KI,3259257263853452,B5169517340473694,D8557519531292785,B8776609641296886,DX9864082321866786
2,2,3,0103930KI,79472465346X5875,D8X767166551X8X98,BD8X685077263X78X7,DXX889078685X88XX,DXX887059660XXXXX
1,2,3,0107962JE,818X658495796695,BE48857055X51979X7,BD3X855077X55X5XX8,BD7X968047X53X59X5,BE8X928047X54X5XX7
2,1,5,0108913DI,5538859599639145,B6277X16797693X77,G7788X1672477347X,B5378706697XX2969,D699990798979287X
1,1,5,0109952BE,6327767565867325,ABCDEFGH4745545366276223,AE2434345565376324,AB4543424464177324,AB4542415587666224
1,2,5,0109952BE,2347676584345223,E1138747514361213,B3127248213173215,BD654361437537-235,AEF8547615426137226
1,1,2,0109953AG,24352X60XX876517,BDE47885251X5051162,E288880X0XX0X15X5,BDE57777064X50X0377,BDE57866244X5073474
1,2,2,0109953AG,63443X53X8696753,B62665342X636XXX5,B63X70760X1X471X2,B72X3X277X26X58X3,BE70X26510X0X525X4
1,3,2,0109953AG,728715X573577575,BDXXX57080X79X32X5,BX6XX80X6X5XX32X5,FHXXX760X684X7X1X5,H6XX300500030X0X0
2,1,5,0110961PA,X678354567477966,2592615595191899,03708016960X4XXX,09409019X80X3XXX,39909034X7295978
1,1,1,0111942CA,7254643454756433,B5263445483593864,E3263743787477875,F9381825868164697,A7386623475688763
1,2,1,0111942CA,7555635672684565,B2531252075788522,BEF6544433157566644,BE2751723348585823,DF6643233145468543
1,3,1,0111942CA,5265437585577726,B4372435587899866,E2172634679397986,DF9955433646775765,A3332334157279754
1,1,1,0112941MA,8479838576477275,B7024706365292564,B7024705525292564,C7043325352242265,B1011101111042132
1,3,1,0112941MA,5359649654876497,FG7279949877254289,BEF8378858855285557,BEF7377757667485377,BEF7377847327275386
1,1,3,0112951EM,8688925776685357,E9965454585799677,B5475673787487666,B52877218X57X9977,B5767643785898866
2,3,4,0112951EM,9898754796574478,B67X88445857X7767,GX79992788976658X,E98X895599X78769X,D8978678677888777
1,1,2,0201964HA,7468486599487679,BDEH8899817799597999,BH8899807788284878,ABDH8998808877288988,BDEGH9996807849197689
1,2,2,0201964HA,76896575X7474688,B85X88068X73976XX,F63777167X7297778,B72787167X7295867,G71887168X93X6877
1,3,2,0201964HA,7689777697676678,BE46837266X6598888,AE3565717697598889,EH4476617697788888,H6687717798699898
2,1,5,0202942JU,6977713778898768,B7579915584788798,G9989716688786767,D8887614688888966,G9788715688588969
2,1,2,0206962LI,8X65557584533623,B3764324785992776,C2976567582772853,A6756318678868756,D3987628396475644
2,2,2,0206962LI,7866566686665567,C83535325886XXX67,F8374522886786769,E8668427589677747,H7485414474675698
1,1,5,0209951SA,47492746565-8477,FX887436472585743,D7786557635656765,B8886628734884867,E8897727517881835
1,2,5,0209951SA,9999097869488869,BX6XX55X8960X3XXX,C9688654156X80887,D584533X0X5X6X716,DXX0X10X08X01X10X
1,3,5,0209951SA,XX8826X5564X8857,B89919003X98X9X79,E7X76X061XX168904,EFX93580742X1X7967,BEF880670X5XX0X9X05
2,1,1,0305940AN,8X53525775477576,BDFGH9X93912873383698,ABH-9372563X3888356,DXXX5X258130743X8,B8795806621697394
2,2,1,0305940AN,49565546-7383655,BD69574075944848-4,C8885506634387774,B6975457455499886,B68874665374X8775
2,3,3,0305940AN,9955646675384765,E8456616697399785,DE8254713786298665,H7399504533365495,BD7862-03548387774
2,1,2,0305950LO,7448329288789396,FX78950X5X81854X8,B438X50X2873953X5,FGHXXXX7089X72X28X2,BDXXXX70X5X52X78X7
2,2,2,0305950LO,7798505475678768,B73994093X8275895,GX79740X59X37679X,FX48760839X3653X7,HX79760779X7765XX
2,3,2,0305950LO,XXX5408637X8X48X,X9X5817630198XX6,X9X37096411XXXXX,XXX480675918X8XX,XXX570972628XXXX
2,1,3,0306972LI,8678558588586666,BCE9365539393697797,C646644X4847778X8,F858443X5838887X6,FG95885495958878X8
2,2,3,0306972LI,8978669785885879,A8878628586688999,F8768655595599997,E7767648696799999,9978658797588898
2,3,3,0306972LI,97766375X5XXX999,B99863064X14X7X98,C9693316487576699,E9693226466497898,F9587428537695899
2,1,1,0307971FI,8744728478813156,BEG7222501787562388,BEF8044652785653278,BCEG5343612574765265,BDE3663713545452357
2,3,1,0307971FI,7753325485665254,B32514056722725X5,BCF4141304266572492,BE11402043676715X3,BDEF36403022476716X3
2,2,1,0307971FI,7253527462445446,BCF5241517275772652,ADF4752513241778271,CEG50614174279-1266,BE3151305655871553
1,1,1,0308952NI,3446644454474555,B61576243X54X3776,E5335565497677655,F7357646595464565,B5334433597485545
1,2,1,0308952NI,7687677698787557,E29154355X9799913,A5552212398769823,E6565202377767644,B5465235255657576
1,3,1,0308952NI,6587468586846667,EG8698545588792788,BE7498724566484687,CG5197323533722288,DG6678813578386698
1,1,2,0310951SI,9635277586456237,BDFX980500883176563,FXXX0800985279781,DEFXX90300586549432,EFHXXX000136705X571
1,2,2,0310951SI,7456435475347423,B6371102376192850,E8167403287199820,AE9087304478079630,AB8065504578179-20
1,3,2,0310951SI,6478576786346162,DEG5761301474336187,ADE6762300145136376,DEF7830203265127176,EF8741302354236165
2,1,4,0401950SU,6475257456664457,BCF5994735773588997,ABC3446344347677736,EG7474733777389778,D5675734675788678
2,2,4,0401950SU,7573433774852345,F4753137246467432,G6584354824364689,C5572633663X35285,B7761611562398976
2,3,4,0401950SU,7756535668876577,B5363615367475664,C6883644588888957,E6866466358969X76,D7XX584479X6XX99X
2,1,3,0402972AM,8X36457487698725,B3465463487694547,A6976745847398475,E3876927839268394,F8279X12634610182
2,2,3,0402972AM,6789834787656748,B6478725687697584,F9489826754535472,BD4678715676476583,BH7687815674352674
2,1,3,0402973KA,6247266487997777,BE8894564484298999,BG9887456388397888,F9786466386388878,EF9686466387388878
2,2,3,0402973KA,8778735586777878,D8898836787588988,B8998826687498978,F9998734686588888,D9999725787599989
2,3,3,0402973KA,9675274697688979,B8377602783598X98,FX678524687357799,E8687425688578999,G857642658637788X
1,2,4,0404938NI,77XX52945779779-,B0885828464444799,C0888808398888855,E5555505555555515,B6063806488XXXX49
2,1,1,0405951KI,8679546688588956,BCDE7761507696599766,BCE5286315385587366,BDH46835157866X7698,BEF87836155977X8887
2,3,1,0405951KI,7672623786795977,BCE41725155X7497997,BEF82716136957X7X77,ABF7272514487487986,BCEF7262613697397987
2,2,1,0405951KI,9797635799898958,BCEG71617056757X49X9,BE70717027982X79X8,AGH71805045865XX997,ADE6772615687699997
1,1,2,0406961SO,5896396347884666,BD2836288299994886,BF6665477565884474,F7675467444556795,F8785636724533695
1,2,2,0406961SO,7787399856992745,A3164134485678855,C3164538655768675,C6156627727954865,C7077708714971811
1,3,2,0406961SO,8889669857876556,AB7887435696489799,A878750697728X798,AB686680585926X895,ADFXX9490582916X595
2,3,1,0406964AM,X763638698896775,BF7282715586385777,F8373632654875679,CFX392834776277588,BE6081812766387675
2,1,1,0406964AM,8758656785657445,BDH49745247917X59XX,DFG7XX36347925X7XX9,BDG6X947266935949X9,ABDF8XX27146925979X8
2,2,1,0406964AM,8883634694497777,B8690734774794581,D9XX0522792572799,F84918268926828-6,BEF6483832897-52885
1,1,1,0408921JO,6668357465587445,B66XX6085783953X7,F9295735522258299,E99911151171371X6,F8588619618745077
1,3,1,0408921JO,X6X8358538765279,ABE7519623677398738,EGH7467556485335378,BEG2738533676245338,DEGH6775336363233178
2,1,4,0410932IN,8141X0581399X66X,B9262X073X0XX5X9X,DX9968092X7995XXX,AXX555090X99X85XX,X553X0X4X5XXX8XX
2,2,2,0410932IN,X56041340X886499,X0792085X2XX8XXX,X949800735X495XX,X0508057X8XX6XXX,XX55505586XX56XX
1,3,3,0410942NO,X88786786589XX99,XXXXX128X8X7789,77989157479XX78X,X688992747788597,XXXXXX0XXX5XX95X
1,1,3,0410951NA,XX8976867749859X,B6789543689592596,BE768X536885462478,D5767537563862477,F9999624774171589
1,2,3,0410951NA,7477586789778577,BDE45634357X9799975,BDEG38877557866979X9,ADEFG899X72679X2X69XX,ADEG19876156874999XX
1,3,3,0410951NA,97996X879X8XX789,AX6558559XX8X8997,FX8868778XX4X8899,D8X768679XX4X89X9,H7X759848XX8XX979
1,1,4,0411931CO,4727167237282407,ADH2875218343763224,BE7628437267375636,AE7768126257255316,BE7478347234347526
1,2,4,0411931CO,34771182-8112223,F6375702426465262,D8962801453754576,E3338717647374825,C6378315352454474
1,3,4,0411931CO,5294185264865653,C28726-2482756285,A1282623772759785,E5413433522683425,C2382378312X68595
1,1,2,0411943JO,8575486188429085,DFXXX44060903311X9,DEFXX7X524092516098,ADFXX66335194306066,ADF8724254285208033
1,2,2,0411943JO,9479355293887548,B3223345188298636,A5265254378378748,G6356242276299748,E5226253288759625
1,3,2,0411943JO,8389298483928168,DG5788525181208088,AG6359082156318038,DG9798449371117089,F9899664373108048
1,3,3,0501913LY,98890891X989918X,BC31791595XX1XX8X9,D9X995018XX1XX9XX,FX8X54119XX1XX894,BEFX8986088X90XX999
2,1,3,0502954FR,7857858478899767,B8976626698498X56,E7964636667688967,D7X55636668599967,D5873435458688867
2,2,3,0502954FR,7772527478777767,C6753618719777766,D7761617647577667,D7761517547677756,A6870708739589857
2,1,2,0504971MA,7665724565986677,D6964525587596786,B6673536695687886,C5674524576887886,B6764533697887895
2,2,2,0504971MA,6965544686998797,B7573616667897999,C8773534676677798,G86735026552877XX,E96606056673888XX
2,3,2,0504971MA,7665547666877567,B5565624588696979,D7X73616566567599,A65625154744696X8,FX7626266786755XX
2,1,4,0505931FR,45X63-33X558557X,X8827-6499267796,HX5827725226535X8,B64X04543155832X7,E01X133211X-424X6
2,2,4,0505931FR,665462375-564465,B3475545573543384,F7162522263634774,E8481803841080889,G5570X02108827388
2,3,4,0505931FR,XXX3735854-87777,X777070077XXX7752,EXX0XX0500XX86505,H76X2545286195552,FXXX0403655555555
1,1,3,0505952NA,9578X5X9X988867X,F94859056471X-388,E55X1909877275658,H43839158X3255X99,C7682705947X27-XX
1,2,3,0505952NA,99579479X8388769,C779581569X9161X7,C77X28048XXX36676,A668691389X869579,E76979048X9863475
1,1,2,0506953AN,7586498368766475,BG9X915117862X997X,BEFXX97526586765788,AFX998637575799984,FXX84726567767692
1,2,2,0506953AN,8875377586688392,B4352125097897591,E8743052184426291,F9892225442123280,F8785126154255191
1,3,2,0506953AN,88674X8382277494,B3643022088XX5882,DE5982160196699X72,EF89911851X6978591,FHX891026081926381
2,1,2,0506971PE,8786556776895556,B68688109937X7677,F9788616895396767,D8878706985496877,D99787128853X7877
2,2,2,0506971PE,7746456566896876,B4455335484395992,C8357667785883773,B7457467685894873,B8457656785994872
2,3,2,0506971PE,X867557677997766,BD8974614887585786,DF9657656676697865,BFDFXX44844767697896,B8654427544576666
2,1,3,0508952EM,8885137858231667,C5957278372588874,F8388378845292977,D9989517968091X89,BX788817837094989
2,2,3,0508952EM,6976357677764875,DFH8957457516675667,BE4477543654373567,BCE3685436538576787,BCDE7X94436518285689
2,3,3,0508952EM,7546248647754777,E4246547468677775,D4666357477677674,A7876424678577887,E7776544538388888
1,1,5,0509957SU,3445365645576723,DEF24-5523646735413,EF5338556323534422,ADE5555615615674336,G7777718808887888
1,2,4,0601930GL,58876257-6556746,CX-304046-----26-,F---4------X---XX,HX83-7007-92----9,EX54080380X6---8-
1,1,3,0603962AN,5655839843758-94,A61326021038155X0,A005300211629X052,B0921509053334015,D0134310212456456
1,2,3,0603962AN,575557765588875X,A978680X6X3588548,A71342033X1325256,BD857060XXX01X0694,BCD61523446X1-36885
1,3,3,0603962AN,5758549652524362,AB70789058838XX763,BX450907750485543,A0X2290911153X054,AD7X0010505001X065
1,2,3,0606951JA,8357377585773377, BD78633154876X7784,D2952424296796953,D1310018052776355,D3932007085635455
2,1,3,0609952LO,9985836776997888,DXXX3827675786788,F8997767787887889,BXXX7877767675889,E9977856677754878
2,2,3,0609952LO,7865846777887867,A6784434574456677,D8876856576566767,B7886756676585777,D8876645676555678
2,3,3,0609952LO,9996446575766675,F8786645465643577,H7694426562455587,D8884525534554589,F9885428667353478
2,1,5,0610940DE,XX1X11XX11XXX5XX,XXXX11XX11X1X1XX,HXXXXX1XX11X199XX,CXXXXX1XX41X1X1XX,HXXXXX1XX11X1X1XX
1,1,4,0611952JA,9477868555477465,E9399813445396956,F9099729755855-88,GXXXXX155558663XX,EXXX4515458865537
1,2,4,0611952JA,7377648554674375,FX788817575385887,B9898825368674578,8787727675786778,8757727445745388
2,1,2,0611962JE,877651388678758-,BC9377923882898X99,F9486913883888888,BC98968268879X9999,GH9899929996998899
2,2,2,0611962JE,8786636978667678,B8248524686865667,C7346525575677875,F8464525676777676,F9356717767888776
2,3,2,0611962JE,9987789988886788,69996138977X9X87,79967387867X7987,99976149X9698XX8,7877917X977XXX87
2,1,1,0611963MA,X675X03745574577,BX5XXX528558X8853,FX6XX-68424787-64,AX8XXX00X674879XX,HXXX2901927895987
2,3,1,0611963MA,X365935796794946,CX1038058X85X8XX6,E5357X027X8782X78,FX5869045872878X8,FX757903368694X97
2,1,1,0612943RE,4966808775869597,H5563803603844285,H3274403251722287,H2032504422733075,H3121504211711187
2,2,1,0612943RE,X099905840X7X4X5,909990385-X7X4X5,BEX1404024027231X5,B9053704873372574,BX067XX079037441X5
1,1,3,0701944CA,62--62767-520079,B80857123X6393888,H82X3706837172188,E7147356426272247,G3285814717894399
1,2,3,0701944CA,8175476586372366,B2865523891682767,G6587643668477478,H8773511658674369,E4267752778382777
1,3,3,0701944CA,3175724577283658,E8097522788396699,F7295714672-66188,G6178613738725147,E6286832748582479
1,1,1,0702952DE,4945486554887755,C4032782853784975,C7055463943662784,B2054335662365645,E3553423766375692
1,2,1,0702952DE,8655465463342754,0704616884632905,3445535694533832,446346X3X7882843,00832393X6993X83
1,3,1,0702952DE,4323667564574542,BF7024356663483853,EF7224722947262341,CE4027568745245263,E4014873928622331
2,1,4,0703972JE,9778557665655467,A9978818-9-889957,B7976916787788977,ABDG9987817989688978,BD7976616686788975
2,2,4,0703972JE,8579556687788767,A7342443342743365,B8487745667464566,E8368725767944477,E8377535563922276
2,3,4,0703972JE,7366347566456566,B7566555476456376,A5654546566655465,C8678736678365477,E8475565677768387
2,1,2,0706971MI,7585657856596985,BCH76875358788X3978,BCDFGH87X87388768X3X88,BCDFGH98X98489879X3X98,BCDFGHXXX9837998XX3X99
2,2,2,0706971MI,81885357769X1X67,C8089537587591X87,BF90886253875X0X88,A8078516587595X97,E90885325885X1X88
2,1,1,0707971HA,6X58665754587855,CG6812625777386697,ABD9925813864399978,AB7926702872-98797,CEG7716701864867878
2,3,1,0707971HA,5836825775279806,BCEF7000800773886855,ABDEF7511700746398815,ABEF7333600835999624,BCEF8242504765388865
2,2,1,0707971HA,7586755757777867,BF7168686-68686878,CG9176702684X65686,BD6757800786898968,AB9255624674299978
2,1,4,0709962JA,XXX8554757XX8XXX,BD3XX0X303X37XXX77,DE3XX05050X0XXXX55,D0XX33053XXXXXXX5,D5XX55055XXXXXXX5
2,2,4,0709962JA,XX-4444654999977,FX0-00000X5X770X-,FX0560000X8288885,FX00-5005-55555XX,EFX4-05044X4XXXXX4
2,3,4,0709962JA,X777755675997997,B86686052XXXXXXX5,H94995002XX0XXXX5,E55X52000XX6855X7,BDXX888036X08XXXXX
2,2,4,0710962NI,XXXX7X89964644XX,ABEFGHXXXX808572588468,ABEFXXX760667364X287,ABEFGHXXX7706474388478,ABEFGHXXX88168739580XX
2,3,4,0710962NI,XXX6353777749257,ADXXX76066X767X489,ABDEXX987067X774X455,ABCDEHXXX870769766X666,ADEHXXX980669757X677
2,1,4,0710962NI,9879633676968368,ABCDEFGXXXXX0--8239XXXX,AFGHXXXXX17X6678X5XX,ABDEFGHXXXXX2XX7777XXXX,ABDEFGHXXXXX1XX7X3XXXXX
1,2,5,0712952SU,463878X655X47462,B97699X65X38X7XX6,D487XX42731354357,F5746420943353620,B247XX647X1344464
1,3,3,0802952SU,X6XX45X550XXX65X,BX0X53XX330XX0005,EX55506X3X0XX0304,BX5X5558750XX5765,HX67645X253XX6577
1,1,2,0804961RO,890205X055X55500,F5005000070X00000,E0000000055X00000,D0X02000055X00000,EE5X00050080X50100
1,2,2,0804961RO,X35505X175X97712,BEG00055200X15X2X26,E20110001X20X1925,E20230010X3591824,BE30220030X4591814
1,1,3,0807960LY,7548836775976658,B95627026971706X7,C71638037979716X8,A825380669728X9X9,FX3588088993869X8
1,2,3,0807960LY,7259735886655297,B2255715898386899,FX758827898285697,C9667913998X95999,EX7889159X95X9XX9
1,3,3,0807960LY,6158827857837556,B4147715486184797,C7156619697X77585,FX866815891255597,E9788812894666897
1,1,4,0809902LE,9X8752897764959X,D9999906879XX29X9,D788X917876352999,BDXXX8X0799X9959XX,BDF9XX988786XX1XX10
1,2,4,0809902LE,9877917883679868,E32431153687-2573,H3545516527287514,4971507133197886,F8567706724546365
1,3,4,0809902LE,8986428899878679,B83763168X6899898,E7441207696999X84,G56988098818596XX,FX561403482578951
2,1,3,0901961FR,98X5124378X7698X,BCFX74155066X94X797X,BDEG95716027916X8X7X,BEGX7943355X67X3X59,ADFX9803148X724886X
2,3,3,0901961FR,X9852197846X8X98,B88X67368X78X7X89,FX8X240576239689X,EX768736689584659,FX7X874X6853928-9
2,1,4,0905972AL,8858355377788999,B83725242858X6994,C99514442957XXX75,DXXX5636395899978,E92633090957X0X95
2,2,4,0905972AL,XX66335593X89989,B8060426175383140,F1061-06275446351,C8073687395326084,E7047737475253042
2,3,4,0905972AL,X986459275998958,G7863283297398933,D8X8554338849XX97,C8884834788797863,E9073423798540863
1,1,5,0906961CH,8947266567656524,B77736275827X1747,D5963626263772553,C8553323564962425,ABC7754626564699965
1,2,5,0906961CH,7857377245565424,B6662316252191714,BC6452227165671613,C6151417626922615,BC5151318122994824
1,3,5,0906961CH,6544376685653335,B6251812882291965,BF9271902781592866,B82518023946X1X78,BC72617187967X8977
2,1,4,0907972KA,5X74505673513386,BDEG8X1X500XX10X19X2,BDE2X80800XX20X19X2,ABDE0X507008X20X17X5,ABDEG3X507038X5091XX8
2,2,4,0907972KA,7X953055X55565X4,ADEG33X05024X5641183,EGH24X07004733321X5,AEH43X06024X31130X0,C65X04063922220X2
2,3,4,0907972KA,3X66564785X83988,D4884555767175688,D4775425657673576,B2673502578275673,H1191511552131691
2,1,5,0909952HA,-8-997546-977536,43-63473--543565,65-74354--644426,75-65576-3554-36,75-765644-644456
2,2,5,0909952HA,XX8795677-977787,XX87744754755577,X998864767777688,X998988864968898,XX99978967978698
2,1,5,1001971SU,X889X79988XXXX99,X9969119889999XX,X8999188879887XX,X999918999XX99XX,XXX78389X8X9-989
2,1,4,1002972HE,7584825765577689,BDH7884604784685795,BE8885305369573685,D7999954788286795,BEF6788565576187584
2,1,3,1003961MA,X9998566846X9X79,7426703367837778,8675705696555678,86337238X9273926,888990869X1334XX
2,3,1,1004951RO,7449358582579416,B20000081XX2894X5,E808530024X2XX684,BF8155313399177599,D7X4170250X29X988
2,2,2,1004951RO,8846277489139574,BF8252818491982384,E2277285284772118,ADE1928835829199558,ADE9983711538139969
2,1,1,1004951RO,854819966802214X,ADG1XX12844X47XX7XX,BD19832264247X9692,DEF6864622485389557,ABE137362337619X688
2,1,4,1004971BA,9785555564767358,ABDFGH8X98825786188499,ADEG7988725788338278,BDEH8X97747768365567,BDEFGH9X98755668355488
2,2,4,1004971BA,9785655666788599,B7286754476383798,BFH7276655467794798,BE7385753654274686,BEFG8376653658493778
2,1,2,1004972ME,879X8559676X7X89,C999XX049XX9X4XXX,DXXX9X03547XX1XX9,EXX99X14759XX0XXX,C8XX770774XXX0XXX
2,2,2,1004972ME,X88X735966897X88,C72755036X75X2X99,FX6X77029567706XX,GX9X88018743707XX,DXXX99009637609XX
1,2,4,1005952CL,537X665455486754,B33565674X3393X54,BD87936257X47X5986,E41396686X5785795,B51587667954X5854
2,1,5,1007972MI,7X69846555686656,D5656345365554566,D5876645423667655,E4754532422115264,A38525102225271-2
1,2,1,1008932RO,45881799X5692068,BE1100500194289X82,E20004007X419X892,B300220X0X5399727,AB6200300095789830
1,1,5,1010940JU,93653077859872X7,EX7416043X3097X87,B65436043X318799X,B74526087X8177936,ABE85746055X8097X65
1,2,5,1010940JU,706870X534922186,B60842048X50X4289,B60531043X50X0820,E30523071X8081740,B40714037X60X17X3
1,3,5,1010940JU,X572505535755387,F43502070457506X9,E80604091846759XX,F8670605082476589,F9653507184265-78
2,1,2,1101961CH,7368456575583666,A513318436457X522,A3335276373777633,A3326277263657422,A3336377354668532
2,2,2,1101961CH,5257275474557366,5255555474574354,4366566554464344,5245455464343363,4446266263344112
2,1,2,1102971LO,7565113165835566,E79808007X75XXXX8,FX2608024X5386495,X669907X96685992,84477064X5576XX0
2,2,2,1102971LO,6X60X0X000XXX202,B72605075X3XXXX88,EX040X070X5XX4XX5,C80507045X6XXXX86,C7041X06699XXXX89
2,3,2,1102971LO,5657373776663636,BD69617135X33888X5,FX552205733X1X085,E5X51815921XX7XX5,DXX50X00XX15XXXX1
2,1,2,1103971TA,897982778893X667,B8778833787899587,A7477724884878487,B8888836888899678,B8898836896999688
2,2,2,1103971TA,8737646786889756,B9283425476888677,C8362325376478676,A7362225376678736,B7262225286488537
2,3,2,1103971TA,7258357588388578,B288623368787X566,E3675228587889356,D3884725763888577,B8886622788388788
1,1,3,1106931HA,789320X35X99798X,H87XX308273685697,E989X813348998897,D9898901977388951,C6833108222435421
1,2,3,1106931HA,8987856765248799,C7999X15579688799,E7795467548799687,D8787676677889687,C6787865657687697
1,1,4,1106950CA,XXXX334376X88X89,XX866266X3XXXX89,B73783233X5446046,BXXX87255X4898847,BDXX988278X3XXXX58
1,2,4,1106950CA,XXXX667795X97X89,C77531740X6X88472,B63XXX057860XX988,H56X88046X66XXX87,EX89X90479879X7XX
1,3,4,1106950CA,XXX662X773389779,BX0420333X28XXXX2,EX2776264532XXX86,FX4774343X70XXX24,HX2966117X95XX6X8
2,1,4,1106960BR,X86621777388X779,BE4XX45153X2492X44,B886230869X192X88,AE84832023XX1X38XX,A68982022X24XXX8X
2,2,4,1106960BR,8X8951679389X689,BX4XX6036X20X59XX,EX57X6028853XX98X,FX5XX7028X01X8XXX,BX6XX3088X62X98XX
2,3,4,1106960BR,X8762166X2XXX378,B99762184X03X5698,DXX774037933XX899,XX885038774995XX,FX8883026473886XX
1,1,1,1106964CL,4275428564672385,B7148417592691782,A2015015382784386,E3114524582163692,F8126407582439573
1,2,1,1106964CL,8598538465731490,BG32761382X5074X59,BG26953451X489068X,BEH3657425391063989,BG42715386X46-128X
1,3,1,1106964CL,3479369281967251,B40884034X52X1693,E1095604793202170,H90793074X00X2890,EX09870X5X0787360
1,1,5,1107962NA,5677556755556599,B1133515467573064,B2033355377740067,B4036547774502225,BDG44444555555555X5
1,1,4,1108864MB,XX95175224XX9X55,----------------,----------------,----------------,----------------
1,2,4,1108864MB,9X8926X2016X8X8X,B85918175X33X3XX8,E224504702X968780,39928427594X679X,C88939168997XXXX9
2,1,4,1110961RA,X8754872X7987557,ADG794951438354816X,FG795300409170918X,ADEG8X8631930382618X,EFGX888606785726086
2,2,4,1110961RA,7696357690X7708X,GX5XX9167X83758XX,E71XX30553851X1XX,ABGX8XX5162838885XX,BCEGX988X158XX2889XX
2,3,4,1110961RA,96737147923672XX,FXX6341849469X558,A77XXX1684X77X188,GXXX770270-2XXXXX,ABEX7X3407587067755
1,1,4,1201963PA,6753545667756648,G6768644888137499,E428774477X705583,C7643636571953645,F65663376-5898135
1,2,4,1201963PA,5677559546556568,F0022003154X7X084,F70220000628830-5,3001003505211153,62243081252320X2
2,2,2,1203942CA,5566445345775663,FX6X495X2924X4X85,B8119229581192781,F9117119171678883,D9929718681193886
2,3,2,1203942CA,76687456-8767777,B8777778777877877,FX878587587867987,E5577765465756675,G99777667865566-7
1,1,1,1203962HE,8767755687885757,C9078835795888738,B9588861887388899,DXX97952888589499,B988XX288834X8979
1,2,1,1203962HE,X9X55383XX9967X8,BCDXXX66357X87X5788,ACDXXX266359679X799,AFGXX76669464456389,FGHXXX342734375748X
1,3,1,1203962HE,97596576X3699628,BX1268245X35XX736,FX77X945696478769,GX98969767394828X,DXX99X5496546939X
2,1,1,1204951CR,7864915994899865,BCDF69X08099X39629XX,ABCDF9X709088759X9XX9,ABDF6X91908XX29-9X68,BDFHXX808089X2XX6XX9
2,2,1,1204951CR,68837106858X5852,ABEGHX990701684765695,BCDEFH8690906892XX8968,CDEFX9709075849X6-87,ABH2340204354466310
2,1,2,1204954CA,7725216565676625,B3644544456666343,F6577515559288676,C7572623662678886,C5772615436679896
2,2,2,1204954CA,6755465567776756,B4271315588997985,F9593922885774888,A8373524575935371,F8583714773453794
2,3,2,1204954CA,6647557657888875,H7764527437466675,A6375625444633373,A6282524417533373,F7482612547774395
2,1,1,1205933SO,8554428584354373,BEFH86979-3893269986,ABC6745737773488745,BEH4467647682285884,EF5888447778275754
2,2,1,1205933SO,7378113375345334,BCFH3387337492683484,AEH4374733693427375,FG8775724773468248,CDEF9899937868338747
2,1,4,1205970CA,789755285582809X,F9976323565693875,GH8XX97188108220XX,DFXXX86017X92774XX,XXXX911XXX1XX7XX
2,2,4,1205970CA,86X95287912320X5,3092100082050391,B10231010950X9820,E701010005X752110,E738277165X753385
1,1,3,1206951PA,317856553729X258,B85777656892X4X68,B76654445891X8767,A77669885787XX857,A57457447391XX636
1,2,3,1206951PA,82957X4688177458,AD48358877XXX86865,E7646884699477858,F9987873788677859,CD996886379XX9X768
1,3,2,1206951PA,80XX78658X08953X,AB57888458972XX558,BFGX35X9888852X7337,EFH452996775656842X,EFG917X655837253419
1,1,2,1206962LO,7848466455476546,B7674518382683984,F6342319390283987,A85413092X21X6895,D69302061786X7X86
1,2,2,1206962LO,7758199367562227,A2236116293747454,G213856X288121179,C35413380677-5-64,E7192833779126288
2,1,1,1206971AN,7X99758885X75486,ABEF47715087957XX9X9,ABE56525028X589X9XX,ABG2660505785X9X8XX,ABE0880504798XXX9X9
2,3,1,1206971AN,X887857795998X87,BE87X47468X76XXX78,BCEX0759069X79XXX98,EFX1829139797X8XX8,BFX880905XX92X2XX7
2,2,1,1206971AN,XX67658686X89768,BX688715594590885,CDE6985518598795997,BE84805057X9291996,ABE8481513599897996
2,1,1,1208972DI,4467737736725477,BE6267566473877455,DE6868716777647678,DFGH8777616677353369,CDEF6733817775766478
2,1,1,1212962JA,8X97778866467675,BX99960655959-999,DXXX77037768909X8,FX7X56056889964X5,EX24240X4XX999995
2,3,1,1212962JA,XXX8768878X3X358,EX0X44166X-688576,CX0X260X5X48X06XX,B919230X6X88X1769,EX0924034XX293057
2,2,1,1212962JA,X950125759487776,FX1X98761523746X6,D5X1X04X635X201X5,FX0X9429602X200XX,EX088777718X004X9
2,1,1,1302942MA,57973865892893X7,DE8XX079356783X4XX,DGH9XX388182155X4XX,ADGXXX338431134X3XX,BDE9XX455435874X8XX
2,2,1,1302942MA,4997468897389895,65X873569XXX8997,83X653479765X6X7,84X776137XXX96X7,9XX997274X5XX5XX
2,1,1,1304941MY,7547837643887358,E6856764576874454,B6883536684672574,D8883587764242888,DF8972889923553798
2,2,1,1304941MY,8756365473495686,DF99923377984X2677,C9892627792583487,AFH9X96626794376598,CG9X919199113452X9
2,1,5,1306882MI,X6794287679X9X47,9489436852681947,4647248435674896,7489647432676786,8798564643787685
1,1,3,1308963JA,6757656464245168,D4984524365277452,F9978556584354267,F9987547676776459,E844522745323435-
1,2,4,1308963JA,8657477564734367,BF2343436373795542,F9096632474368567,A2142224335759321,E6364537523688644
2,1,4,1311961JA,XX74604654XXX99X,BF83X7903572XXX3XX,AEX374704767XXX696,EXX96-11987XX85X8,BEHXX97602887XXX688
2,2,4,1311961JA,X8X5743875XXXX7X,B63535003849976X8,F76736006969765X9,B9675600688X896X8,B9890800898X86899
1,1,5,1312952JA,8888815755XX2897,BD4X75X007915X6882,BD9X797166815X58X8,BDXX7XX08885XXXXX4,BCDXXXX8077618XX87X
1,2,5,1312952JA,8857757857888986,C26599538X5788872,F93855911X5579149,B91799133874X7995,G44444X468586511X
1,3,5,1312952JA,7743588759888568,D2X7770747X7X735X,HX8X222528575506X,G44444020X6X2400X,D0XX00000X531155X
1,1,2,1401932EL,7767476456475556,F5453137363245342,G6664237232262467,D5875226321231136,D8885324411051478
1,2,2,1401932EL,4376347375468777,F2067157284476843,E3055156175467724,B3057224285176756,G5047414245167767
1,3,2,1401932EL,5768356465777658,ECF7877533583478467,B8757625494575557,CF8678557493383654,EF4347587435475424
2,1,4,1402941AB,6487725754667876,A75915056701869X8,B8141605342654556,H5184204323560595,GX1X660785065579X
2,2,4,1402941AB,7687634676745488,F72645063824708X5,B9278528695620797,HX1X87059857838X9,FX4896857862227X8
2,3,4,1402941AB,9X89728678946788,C86945135X7XX2697,B7X966056X8962893,FX6925031868X1483,F8957736899782687
2,1,5,1403952KA,3739758665988677,B8869918777888878,F8899919989999999,D9999919999988888,CXXXX919888888889
1,1,3,1408941CL,674X648668885452,B8734707756292981,E7565606669696X74,FX776607655896982,DX984504446998973
1,2,3,1408941CL,8778558653847353,B8662536477586563,B677452556-787643,A3555656548886764,D7854546346665463
1,3,3,1408941CL,659965X753557462,D8X32666589486785,C88X4622678854863,DFXX98656676985784,BCD8997554565587896
2,1,3,1410960FS,5565445567655573,A3344335343544364,B5556434453665667,F4--------56---6-,H65--3-------6---
2,2,3,1410960FS,7775655576778788,AC6777635563588997,B6787525451499987,D7888517451769396,F8888317663559397
2,3,3,1410961SC,5567437552863676,B3247218251271546,B6357318361671434,F6467217358361576,E6578215346672465
1,2,4,1411953MO,9278577376897775,B50887073X67X58X7,A60785093997X78X8,B40785083X76XX9X9,A307-6085986XX9X8
1,3,5,1411953MO,9177426465737454,----------------,----------------,----------------,----------------
2,1,5,1411962YA,3XXXX6XX-6XXX3XX,X22XX0XXXXXXXXXX,X03X20XXXXXXX35X,XX1X20X3XXXX042X,X00X00X0X0X1000X
1,1,1,1501961TR,7569537694679945,B9597858796997976,B8696956895999987,A9686477796999986,E9796656896999987
1,2,1,1501961TR,9789625797888978,BE8654411696898887,AB8862511697699996,B9782612597999986,B9762513597999986
1,3,1,1501961TR,886X858795188947,B52578363X87X4944,BE63576567X3896965,ABE84888237X58X8974,BE65888338X6894X87
2,1,1,1504961JE,8XX863956549XX86,A07307070X0XXX5X0,A0X00000000X0X000,A55777030003050X3,D0XXX50000000X0X0
2,3,1,1504961JE,979x467665999956,B33557586865XXX85,A2888865432178685,A0088550000322080,A0099107050100050
2,2,1,1504961JE,8866448455899966,H8888800492499891,E6660101006006000,A5276602618258588,E825880XX2X055454
1,1,3,1506952MA,5757556656654456,B4244264164466646,E5045335357355435,G6146536335324238,G7546445455334458
1,2,3,1506952MA,5356344245534445,F8687633454575888,F85X87455556758XX,GX59885775348589X,EX49984884469499X
2,1,5,1506953JE,7389665778574578,B4687537564795488,H7398736648483385,G6563334235854387,E8298726788282287
2,2,5,1506953JE,X398558774676688,B9587633684-6-487,D9788645584375457,G8598646688273558,G8588545487973469
1,1,1,1510933SH,X9X9999790XX9X9X,B83X6X077X85XXXX9,AEFX0XXX3X02X84X0XX,ABF80X8XX88X03XXXX8,CDFXXXXXX896X00X0XX
2,1,2,1510942GI,4484-88757962597,9X94332123273997,7991112185583886,7984048068876986,88X4401423544286
2,2,2,1510942GI,4775278357965687,5236367066565726,F6381535255374786,C5875567663466876,C6785864885566676
2,3,2,1510942GI,8X563XX567756735,E7767467373765626,B5566546666878866,A5665675665665765,E5673864868675766
2,1,1,1510961LI,3756436275625246,CDE3643462376675674,BE3332563547573355,AG5352363475547465,CD2754453444645374
2,2,1,1510961LI,7756456543244253,----------------,----------------,----------------,----------------
2,1,3,1512960AN,6677519887347X58,BCEF966X7035X01X5XX4,ABD9X876066921X5X95,BDFHXX998028821X2XX6,BEFHXXX98068X21X0XX6
2,2,3,1512960AN,7788612688599XX6,BD998X7027821X5XX5,BDF9X9X7014782X7XX6,BDFH9X987016285X6XX4,ABDEXX9XX009011X7XX5
2,3,3,1512960AN,87764476856X7X59,BDFGH98998118X23X7XX2,BCEFHX8XX9029X00X2X92,BCDEFX99XX068X11X1X97,BCDEFGHXXXX9029X11X0X98
1,1,4,1601962RU,8586356876443687,BDG7983613594384798,BDF7785412673293887,FG9875522756162699,BDFG9896612845181899
1,2,4,1601962RU,6387443676243587,F9675413682475698,D7996415564274699,B7796413735192899,E8397613658172899
1,3,5,1601962RU,7577245566385788,----------------,----------------,----------------,----------------
2,1,5,1601969AM,8888888777888877,8788888888888898,7678788877878666,7778888888887777,9889989998889989
2,1,3,1605925ME,79390XX146X998XX,ABCEF815914X1901821X2,BCEF81582092031883X2,ABDEG104800X0360020X2,BEG807927X058X71087
2,3,3,1605925ME,36791392538294X8,876816X0413768X5,565X17X056545796,734713X023222673,324603X022123486
2,1,5,1607971LY,XX95935886XXX756,E59686594847XX576,B7485725674299689,FX2949038X24XX68X,GX0X16049580X569X
1,1,4,1608963BO,X0X984999230318X,B50836722X49X38X2,FX0774139X9700870,E65837039XX26X0XX,B81917009715858X8
1,2,4,1608963BO,X0886479XX87729X,BX2XXX037X1XX8XXX,E91XX9933X59X8XXX,F809965538X79X9XX,A90XX7921XX5998X8
1,3,4,1608963BO,73X462689867X4XX,BE40X16378X24-8X9X,F80X28169X61888XX,AFHX2X17X39782575XX,CDFX6X6-13X885152XX
1,1,3,1610953AN,7566636774554669,E9072626399372777,FX090706683433499,BX0926047888X5X98,E9081605579495887
1,2,3,1610953AN,8767654576866756,D6X84725683234577,FX788814744366588,E7343913739634487,B6874616597197865
1,3,3,1610953AN,7356535675754677,E8183825868472588,B58746147941X8987,FX195717767442399,A4772623578369686
2,1,5,1611953CA,6479638826227687,F7163327473566778,B6256327275777678,G7477237266767778,E7478338266467789
2,2,5,1611953CA,7897589446677856,A8592168382765786,F92X3227372636688,G8494168276676789,D7887467677578888
1,1,2,1703932RI,9978669784995769,BDE6999758465-X7996,EF7657566674987858,CEFH9768858678967898,ACF7466485574558646
1,2,2,1703932RI,8697325695X91976,BFH96964449859827X8,EFG6944162583851657,E6323556845862538,G2832032752733359
1,3,2,1703932RI,8695468467562776,BG3894857895572796,CFGH7398455238X20486,CG4434354397X82547,EF9346755369483865
1,1,1,1705950PI,8788848685487997,BF86897864956X5989,AE8578637399789847,FHX7XX82999895459X,EFX7X96198989495XX
1,2,1,1705950PI,9989559785645446,BDH89XX7373969957X9,BDE9X78639499687398,DG8X9932X09996739X,BDE79894293X6-97557
1,1,5,1706962FI,6879637767887679,BG6466823594976599,DG786X957883677698,BFG9899823465656599,C77988359977X8999
1,2,5,1706962FI,8879698745765487,B5238457263842375,D3723374223459424,F7547534462746545,B6478766564667376
1,3,5,1706962FI,XXXX878745878788,B4959873298599823,B4947652287586712,B3939428238887822,D29223393576-8665
1,1,2,1708961TR,XX75207838X552XX,AGH115X0XX0008000XX,AF60XX5056005570XX,EG47X40XX3008570XX,AG428509X213X211X8
1,2,2,1708961TR,88581386878XXXX3,E90920894959975X8,AE80781882879975X6,AEH8168636676889384,AEH8367747455885386
1,1,1,1709951NA,7457417596386925,68228037X42XXX66,82582892X7X55333,87746554X299X955,C86683354X5888938
1,1,2,1711952KA,XX94025845784895,BDXXX0430750XXXX56,DFXXX07027501744X6,ADXXX082463096X9X2,ABDXXX1827830XXXX91
1,2,2,1711952KA,8987366778XX8977,B50341767X7XX5X36,BE5176236797XX8X76,BCE6278635697XX9X86,ABE92565556989XXX65
1,3,2,1711952KA,X657577675587876,DFXXX46127846XXX76,A48X756747X6XX753,EFX47662368X876298,H66X365557555538X
1,3,4,1712933KV,7XXX919874664899,BGH5586809874499999,BDEG7887808888688889,BCEFG5687707778499998,BDEG7998808998798X98
2,1,3,1712961JE,8658269545752344,BEG8168626478982675,AF8178516473886866,BE424762765-896776,BFG9179726683375788
2,2,3,1712961JE,8578458674683645,----------------,----------------,----------------,----------------
1,2,5,1801962TE,7685848754776785,7478828256497589,7688819025274896,8476705034875687,6245504367698888
2,1,2,1803973EL,7667488766765674,C7569979778X88877,BX888778889999954,C6469466475879877,C7447664575888756
2,2,2,1803973EL,7968478655665575,F8778665898577877,E887877-899888787,B8778758567787676,B8778705687676889
2,3,2,1803973EL,7768458785876768,BD9979682699XX9967,BDX978514488788756,BDF99898087998X9978,BDG998980358788998X
1,1,4,1805953MA,5590511851482388,FGHX0X0X02XX50X07X6,BGX0X0X07XX25X0XXX,BHX0X0X00XX00X0XXX,BFX5X0X00XX50X0XXX
1,2,4,1805953MA,8580X05XX2XX06X5,BFH83X0X07XX0XX08X8,BCFX0X0X03X545X0XX7,BF4390X00X506X08XX,ACFX057770786748457
1,1,4,1806941JU,7358446578478757,C8956626534884-57,D9X79917664995945,BD7987619545495947,E73788035674-3677
1,2,4,1806941JU,7664529395865877,B4736527658992873,E8246623527446633,A5276627654658763,E6564617535775863
1,1,2,1807961JU,X99998X874656498,B7X887087978X8966,G5068324325553355,FG7468532557442267,FG9799868875564388
1,2,2,1807961JU,XX98679765464868,BCEG72867578X3496999,ABCEG7287856786898988,ADF6765457647968788,AEG5345567644657568
1,3,2,1807961JU,9158898876453466,ADF9X79778999X97876,AC6576547567967355,GH8777788779984778,ACG6467567674963256
2,1,3,1808971MA,X6764479996X9X98,BCEFX1577078XX8XX9X9,ACG808740X8XX99X9X9,EH0097006491XXX837,BEFGX0997089XX79XX99
2,2,3,1808971MA,8773727898885988,DF8X907067XX0406XX,B97948025XXXX99XX,ADH9X944037X059X9X8,ABD1X956035XX19X974
2,3,3,1808971MA,X5762876983X1X88,BFX796715681693875,B92767368256X5896,A637460846387X875,E838652458X296498
1,1,4,1811882FU,94975568657365X9,B5434686574475495,B5335695774684475,B6655696775985595,D6777686887885496
1,2,4,1811882FU,9668334764551486,B6566355461492865,B6456355465585775,B6456466476883685,B6466457456764575
1,3,4,1811882FU,7388435796583858,B52637157983X7X78,E7274437899398778,C7364427898887557,E7376817789479588
2,2,4,1811952MA,X7XX2555833996XX,B8099-35590294798,B91XX5074904X84X7,BEX0X86037X82X58X7,BEFX0X5327787584886
2,3,4,1811952MA,X898444556998787,CD67957046704613X8,AD79877467908885X7,BG44997287905X67X9,ABE47987134802998X9
1,1,4,1812951JE,X9X78388X9789799,B38887355X84XX7X7,A97767444X939X758,CX4XX8489X8699669,BCX4999789X99X9639
1,3,1,1812951JE,XX75548575367386,B43X65426883X0766,F7298733885492488,H63X67475916313XX,B72967567586X3788
2,1,3,1901971NA,9739169387915256,B5268556477472267,E4036647288871177,C3335246154622266,B4156227147751263
2,2,3,1901971NA,9X89769697599247,CD4958337179439418,AD996441948965X-17,FG899972668X78X368,BE8975615499789269
2,1,3,1902972HI,7895557777886865,6677156191399875,21366477893XX953,735883767X6X8964,32578378452XXX77
2,2,3,1902972HI,62977557774677X9,63778357X9998787,66X5X5489X7968X9,52984622X67X7984,7575643399395988
1,2,4,1903962AN,4679097285755343,B11310110813X3682,F65410022825X3683,F8271042187281574,B5143022281782475
2,1,4,1905971JU,5693646645798X86,AB56597488833XXX87,AD5575447766978897,FH3495557737666696,ACD6574544647979797
2,2,4,1905971JU,6656658756796975,BE5667657796855697,BE6477765686885-76,BE65656666868-5866,BE6566676686884875
2,1,5,1906961CA,985X778656666764,G22366772657756X9,G2233455133542397,G33333330224222X2,G22222220322324X4
1,1,2,1906961SA,X27614358778X654,D7863157348996854,A7546235118456352,B87952246370X6971,EX784226318367847
1,1,2,1908961CL,X989555577799597,BDE4984517899099696,BE5363503888077396,EF94915014888764X7,EF98965156888887X6
1,2,2,1908961CL,7868455698389555,BEF20326336874X9955,ABDE17354646978XX863,BEF6237315688899966,CE5115511488888835
1,1,2,1908962EL,3458185263788834,BE58432265747X6988,BDEF77755378863X6999,BDEFG99826199964X8XXX,BDEFGHXX924078962X9XXX
1,2,2,1908962EL,8359199691799644,B80873034X54X0989,BEFX0X35055X03X0X89,BEF80801054909X0888,X0X75X55X44X0999
1,3,2,1908962EL,997936824479579X,BDEXX4XX00XX33X0XXX,BCDFXX328009977X0XXX,BCDFXX319099909X6X68,BDE2X72X09XXX7XXXXX
2,1,1,1910952KA,8X69947756475544,DXX7X90X9786X86X7,DFX889668775474576,CG9235885353X967XX,CE836888785XX65597
2,2,1,1910952KA,5247725665774565,BE62558257398X4395,BC72659088525946X5,AC4758884659938476,DE8X77534537468753
2,1,2,1910962CA,7689578596877683,B808X578198685064,E7085536589676784,E118866789X8866X5,61887577999X8797
2,2,2,1910962CA,83887688X6526156,A708X456395X98758,A818754769577X676,B80785487957988X7,H8198647895769698
2,1,3,2001971KA,6567686656875585,BCF7762563762777272,BG5336535342676245,DEG8833433451543344,BEF5323425422642244
2,2,3,2001971KA,64-4555212542262,CG3543445465455466,DE4420424434243341,D4311313313144550,AF6531201221555360
1,1,1,2002961KA,2787887772287975,B71737017660X1X91,E1176712781180781,E6165626677351671,E6175818867151561
1,2,1,2002961KA,6399777584461687,BDE178952X289282995,EF7677557388583873,ADE6755844749556465,DE6863874839837255
2,1,3,2003971JI,798X6XX648577656,BEG8778969898797788,CEFG87878669X8464688,BCEG8796935997476577,BEFX7759358X6575676
2,2,3,2003971JI,7567698787866454,BD6875547696253465,CD7XX78586XX459286,EF9685577694575386,CDH8X95637752457398
2,3,3,2003971JI,X87677X987685969,BE93679688X5278X48,BCEX5688686X4498X65,BEFX3947487X39-7X58,BCE9368686979292X78
1,1,1,2006960CL,2949399185244675,B0095607451892-XX,C91945258115928XX,D1999715515815-98,F9094589135655999
1,1,4,2006962CA,97787347X7777878,DG99687438X439X878,DF9989926885577759,CDXX78846895878868,B7888634686597778
1,2,4,2006962CA,9889423875687737,FX8X76049997955XX,BXXX9X058X78978XX,H98X77267469765X8,E9X88802997X96836
1,3,4,2006962CA,9568356788799847,EF72889038934X5898,BF5337357265776533,EFH9299802935872478,AE7284601769437587
2,1,2,2006972JE,4788014587869897,B6982402X92399998,C7871106X953XXXXX,B9X94403XX23XXX99,C89906144551X7X98
2,2,2,2006972JE,X995119287883XX8,C70814009X72X8XX0,B71332288XX793X55,30400080XX6XXX81,E80X60071996XXXXX
2,1,3,2007951AN,67-5546657852598,H4252077315221224,BC5146302473375774,DF7754275377457272,BCFG7688426567583588
2,2,3,2007951AN,665322442-444356,BF7368417475182753,ADE7656437353277434,ABF5466314364177566,BC6784403377455366
2,1,1,2008972SA,849X726785684195,DF9887724687475486,ACE7537445696478484,BDE6486723894387584,BE9576853898689643
2,2,1,2008972SA,8486784862635487,G7687368362564378,F8764632477586548,E6744376476375446,B8757745776385768
1,1,3,2010941NI,7556315466463366,H7476574275463456,H7546314174664346,B7475413556384677,B7576514556483588
1,2,3,2010941NI,7688456676576257,D9985505366557688,F9986415476677678,EX997415358667778,D9X95316357576688
1,3,3,2010941NI,8697435565644277,F9885504577266499,F9695526538146299,F9685534517436299,E9595525519227299
1,1,5,2010953CA,683X54X1X8XX7-88,B707XX01XX07X3XX8,BC7085900XX0XX8XX6,AX03X0900X8009003,BD6X78720XX5XX2X6X
2,1,3,2010972ST,XX-05389X88X98X5,ABCEFX0-4X04XX4XXXXX0,ABDEFGXX-2X016X89XX779,ABEX8-17038X89XX882,ABDEG9X-09029XX1996X9
2,2,3,2010972ST,9X825577969988XX,ABEH97X08089X90XX8X2,ABCFX880770858XXX8X6,DFG99704056789XX899,BDFGH8X909068182XX9XX
1,1,4,2103951EL,9988767771X40697,AB47601020X9X79734,FX9876066X5497497,HX9XX90189358759X,FHX9XX804-818744XX
1,2,4,2103951EL,7678567783889866,BE84822424X01X0986,BE0255411683260384,BE0255411683260384,EFX0873327-X35009X
1,3,4,2103951EL,987645678348-789,BEF90685045X67X1877,BE91765045X2297789,EFX6976047X00726XX,AEG8394504587124699
1,1,1,2105951FR,8569448894864587,C9477906892258799,B7478408791399799,F748890879696859X,E7758X04859989498
1,2,1,2105951FR,85893597X3263666,A805X8027X8X7X5XX,BH50569076X50XXXXX,C80867059X0X4X4X8,AD9574X039XX03X5X1
1,3,1,2105951FR,X785457890446788,AX0XX5X75X057X3XX,E77X870779705X555,H55665055X5X05597,H608880776075X7XX
2,1,4,2105961ST,685X38657387X779,BDH438X654276897879,AB4468288167863856,DH23X7626543457388,ABH67X45163277XXX8X
2,2,4,2105961ST,956X8988XX978699,BX0996325X25X78X8,AX08753769667889X,BX0854374X3888897,BX0855288X6XXX9X9
2,1,1,2106971DE,8140335267784493,B18406033954X1494,E16806033815904X3,E42X2447283080394,D69836014628522X6
2,2,1,2106971DE,6792236471704096,A86X46014706362X7,B22847214X66X2488,E7290700598655298,H81X42X02X27-32X9
1,1,2,2108933NI,79X93782X1X88798,BF9X997526793X2999,DFXX995294491X6997,BDE99X745X61X2X7X98,DE8X8661462X3X7X47
1,2,2,2108933NI,X779599779769377,AE93866277X5X87576,ABE95888288X8X85748,EFX988516785978686,ABEFX899612786847587
1,3,2,2108933NI,X8787697X9X89579,B86745388X69X7679,AX9X97876XXXX7488,BEX8X45879XX79-799,BEFX49557-8XX9996876
2,1,3,2108950MA,69745257X64X585X,B738X300XX7558X68,C78977057XX789X66,EX4X850187XXX7XX8,D8XX8630X7X598XX9
2,1,2,2110962JU,7378278678734377,B4324124393876243,E5126313599655623,AE8522504892799754,C5523224273937344
2,2,2,2110962JU,92897324X9529256,B703320029768X233,E601272079X0XX301,A21651020X181X164,E632270079X22X133
2,3,2,2110962JU,859X545596879569,BD8X846024X51X9697,DF9X766117XX088X88,AD28453024871X8768,AC7878514489477578
2,1,3,2202972AR,XX97835787799989,BCDEFXX78847897XX7XX7,ABCDEFGXX8996797X7XXXXX,ABCDEFGHXX9X8679998XXXX9,ABCDEFGHXX99958X9X9XXXXX
2,2,3,2202972AR,X96685889797X789,BCDE8X897575877XXX77,BCDE8X888687986XXX98,ABCDEFXX888688865XXX69,BCDG7X888588X94XXX89
2,3,3,2202972AR,9877678998899X79,BDFGHXX9X8498975X8XXX,BDFXXX98268874X8778,AE8899867688979767,ABCD8X8776768659X89X
2,1,1,2204961MI,88992254653866-7,BDEH58882264X07X4553,BE3988436477596565,BDE4885116365685534,ADEH2986206467777544
2,3,1,2204961MI,8778215876775564,B4276106371574665,BE4666106175564485,B5586205374385785,BH5796006252442295
2,2,1,2204961MI,8659108585388953,35731063519597X4,44X60063609586X3,62254053309XXXX5,88X65053000XXXX5
1,3,3,2206950HA,8675625565788555,B5752516482999957,F9866426475389775,E5861593769948459,D8962627677378587
2,1,3,2208973DE,95X6667735598995,F5368684488774274,BX4XX912859198997,G8567116226947128,E9599605837075795
1,1,5,2209951MI,7358538695896658,BDE29694157913X7857,B41566127811X7865,BC27575188827X4975,BCE37675288X3395965
1,2,5,2209951MI,347X8379XXXX7854,4198910X562X5X73,206XX20X25XX2X81,218XX29X02XX1X82,728XX57X048X2X83
1,1,3,2304963SH,98764345959X7867,BX6986137833X7978,FX7956147719636X7,GX7X56067728848XX,G97X580387638799X
1,2,3,2304963SH,9966876785888654,F7878724695689699,D897560446945X7XX,F9768706668X0X0X9,DXX7970666383X6X8
2,1,4,2306974SH,2368437697748535,DE4X85527679262463,ABDE6975326624757673,BDF6885524726677566,ABEH4886723767286776
2,2,4,2306974SH,6747523378847345,BE4782525599677465,BDE2862523579467354,EF8472524687437275,6863524658368273
2,3,4,2306974SH,75675347X5573667,CE31X55267941647X8,CE32X4523765083687,EG6392533857361688,BE34X2622856373587
1,1,3,2307963GE,769975665355458X,B7098725682170199,G90XX7079020000XX,FX0XX7058000000XX,GX0XX70678000000X-
1,2,3,2307963GE,7468655764553789,B4777555473354678,D6666535543265687,A5557537533234587,G5555546544243687
2,1,4,2308962AN,XXX30X68X58XXX7X,DEXXXXXX58X5XXXX5X,ADEXXXX503XX4XXXXXX,AXX040027X6XXXXXX,DGXX5XX02XX6XXXXXX
2,2,4,2308962AN,XXXX0585XXXXXXXX,FXXXXXXX0XXXXXXXX,FXXXXXX43XXXXXXXX,BXXX9X977XXX6XXXX,GXX000000XXXXXXXX
1,1,2,2310952LI,3438565545342477,E2127433044662154,EF4028544335570594,EF3025433243650353,2025432043230390
1,2,2,2310952LI,6459786544553186,BF614X653334051365,F702X324212000043,FX04X423300000077,FX04X423300000076
1,3,2,2310952LI,7369885622322376,FG5048585124241297,G50384550011000X5,EF716X654222432096,EF7068353000000095
1,1,5,2405962AN,896955X648778624,B2359828685997775,B657X90X885XXX898,E7568608579987998,E756880X558666888
1,2,5,2405962AN,788X89X05696941X,X0XX70X0X0XX55XX,BX0XXX0X0X6XXX7XX,C60XXX0X7X0XXX7XX,BX0XXX0X7X0XXX8XX
2,1,4,2406974TH,7669415556887567,BD5978608563546746,BG7878707535666636,BF7878547676556576,AC6887706766566676
2,2,4,2406974TH,7878519887XX9857,B8888808784778978,E8878817778888888,GX578907979898989,G99999178989X999X
1,1,1,2407951JU,5979088337799X23,B0022131140X88886,E0031003000588853,E00220-3010664766,CE2031204247754375
1,2,5,2411953KH,05X4538679672594,BCEH1089465782084795,B2179645693275885,ABC0134345577196735,C2042527787175737
1,1,1,2502961JO,9799787786878688,B72X38358X28997X7,FX394955794882795,C8387846894288975,C9297754795379485
2,1,1,2503962JU,645868X375377634,B57785554888-5587,H6888746788523587,E6876534477467566,6786828576674656
2,2,2,2503962JU,9827759557686758,C7663837686683655,E7444533768873465,H8882724681333389,GX2X18008515222XX
2,1,4,2504963SA,843X01409584045X,BX9X17005X10X2XX8,D4XX2816596483875,E78937268X5266587,FX9X6835XX7X779X6
2,2,4,2504963SA,X456343374574636,E5453742786478789,F6759742893388897,H9XXXX338963XX9XX,BXXXXX43XXX4X6XXX
2,3,4,2504963SA,85775756889X5X77,CXXX57056945889X8,H85777154756979XX,E88X960186737698X,D898861389747779X
2,1,2,2505960AM,4637187285956755,C8854445583493865,E66884257812X5935,DE69554665536X7888,D8987844868354489
2,2,2,2505960AM,7458155586787787,B6133028387492743,D7865147478317188,F8468255377562458,C7153035283211375
2,3,2,2505960AM,8898456397887598,E75982681X8276756,A463602539857X327,FX853224385183556,D9X9822907887459X
2,1,3,2506970SU,3865348476567347,H55386057X7735028,F74656046X8186857,E33353082X8258547,B61837046X15X6845
2,2,3,2506970SU,9968627597588967,E5876616788259668,A6463825788748367,F7465536573327255,H7374725777367457
2,3,3,2506970SU,8868735778788766,A35654264X7369347,E5676525577447444,G3673613645247376,F6352734516245555
2,1,3,2509951SU,6258624854888777,BE9089736597191XX7,BF40224235923X6X78,C06677246X4685X77,F94776766942X7X38
2,2,3,2509951SU,7588646876799976,DF86X37125586435X9,DE7883612779266597,BEF7883715679686786,DEFXX96711789146588
2,1,2,2511923SI,44663363417-286-,B2784302473482775,C7861004276465782,F8088300542092784,E00000003XX0X5X00
2,2,2,2511923SI,5388146387975399,B00740000X63X5882,E4067206387286X74,EF82X94054XX063560,B70X20000XXXXXXX4
2,3,2,2511923SI,52X8377278XX7997,B75854013X96XXX72,BCF802X4013X2XX5794,FX4883021X0242350,E44860021X8276823
1,1,4,2601932PI,XX67548765X94887,AEFGX75677978646877X,AEFGHX873X2785915725X,BEFGX64X80971X0XX378,ABEFX75XX09X0X0XX74X
2,1,5,2601971TE,X778X45776555685,B558XX47965489889,F8588736978547685,B7568937754467686,E6468937X765785X7
2,1,1,2604891AN,X7XX458558X27553,EXX78X13826574595,EX30180550XX9X805,BXX8X905X634X9X58,DXXXX907X314X08X9
2,3,1,2604891AN,7888734785599798,EX2150062X97XX831,BX2688077805XX877,FX2638055814X8942,BX3727087903X7978
2,2,1,2604891AN,X7XX849885578357,DX8897159X8488878,B93748049X73X8757,FX313800X79369819,B81539048603XX946
2,1,3,2605952RN,X898557566746488,72487074970X9977,3818218388298726,2379737386786836,7178716693197887
2,2,3,2605952RN,9987627415777566,CD6X79737382277744,B1228428277589551,D1977426486238363,7X58537377277576
2,3,3,2605952RN,X995526675997759,E918X4052X83X9758,FH9392705464376877,FX089504428286777,DX993704632398688
2,1,2,2606972BR,3256355463734544,B501316908XXX8600,E22332563XX996631,A300704908XXX3540,D4603024099999500
2,2,2,2606972BR,4226066078544424,ABCE3265026077778565,E3012015088964311,ACF6035204379819056,AFH6073313256826066
2,3,2,2606972BR,776805X186746576,AFH788641746X84X597,E749400817X94X575,D7866207279969696,8485218669979898
2,1,5,2606976SA,X98X88X78689X887,GX759988678XX994X,DXX49818579553526,BX57991XX84793889,A552XX1885055X555
1,1,4,2607963LO,6475856678675886,B4765733676697976,B4765745776696876,D4776755676586987,B4786754777597987
1,2,4,2607963LO,5454735775377866,BG7375633874665767,BEG6363757775466766,BEGH5376864885375877,BEGH7575827775476877
1,3,4,2607963LO,4556334565475765,B4454523564386855,BE5455636556475876,BG4566743645475877,EG5577656754675876
2,1,5,2607971GA,8799756693365256,BE6067777252991885,BEFGH7077528485887876,ABFG8068425698288778,AFGH8188713884748488
1,1,3,2608961BE,539X0XX217XXX50X,EX00X5070X30X0X0X,FX5X7X000X00X0X0X,B90X97200X03X0X0X,FX0XX9000X00X0X0X
1,2,3,2608961BE,50X549X49XX4X56X,C0XX24008X51494X2,AD88X5X00X830XX269,G03526018XX0435XX,BCD5X639081920XXXX7
1,3,3,2608961BE,85XX55X2X760524X,ABDEFGHX8XX70X5X506X3XX,ACDEFGHX7X550X5X750X0XX,ACDEFGH83XX50X7X570X0XX,ABDEFGHX6X550X7X750X0XX
2,1,4,2608970SU,9989837866877788,BX99XX02XX0XX8XXX,BEFXX778268X5555776,AGH99999139X6788888,XX9XX008X68XXXXX
2,2,4,2608970SU,6664824855777866,B7656701775666527,E6667900763555536,G9866602785776688,B9778801886888799
2,3,4,2608970SU,2536700774874587,B6755703855777797,D7855702765446684,E5546603775766898,F8876701665748897
1,1,1,2612951ME,5457634775757543,B3257533327764386,B7569724563586466,B95-9624-76887888,E9769467633767766
1,2,1,2612951ME,6247336677843043,CFX000000090000073,E2006000060X00060,E9007000037X00051,E8102000048900054
1,1,3,2701930CR,8X8X8666-5567324,BX9957157704X-669,B644334359315-544,C9877722774397879,B9894722777486478
1,3,3,2701930JO,4367635898478346,B70X56014X5392398,C64X0505694162099,E90XX8007X831059X,FX3X180358847209X
1,1,1,2701942IS,8X90618765876865,9990803778777798,B76X02035648978X7,F9653856669367554,----------------
1,1,3,2702963DE,8877967873X68796,E9354229455878665,G9452229667968566,G9468269534955367,G9578079302956489
1,2,3,2702963DE,X78X5888XX6X8598,D8XXX90589X8535XX,GX7XX83798X7966XX,E8XXXX04XX88X388X,EXXXXX04X8X3X3675
1,3,3,2702963DE,859X7458869X4788,F9199426798882799,B96996057886X57X9,DX9998027493X35XX,FX8XXX0091X4X95XX
2,2,5,2702970JU,786X596566787775,B7051435185290663,A71445344643738X8,F9166622356862686,C7144542552888896
2,1,2,2703942MA,98655285983869X7,B20906093X00X27X4,H72X090859X1810X6,H10X080X0XX3100X4,E8264X0XX99X15009
2,2,2,2703942MA,99662487953X9497,E009150X9X4090296,----------------,B309550X787186285,H709680X1570522X8
1,1,4,2703961CL,4258777693454356,E7548X95978362454,F9358X7X77X585666,G5346769964576578,B4546755968273493
1,2,4,2703961CL,5447636675653457,BEG3232565876486459,EFH6555455456363243,EF7574545856486683,ABEFH7576645866677596
1,3,5,2703961CL,617X636587339762,----------------,----------------,----------------,----------------
2,1,1,2703972JO,8786156896868456,ADE3866335387-28354,ACDE7872233677537288,AG7875336747647376,AD5764236547968576
2,2,1,2703972JO,8267446686877645,ABG8187526986386486,EFH7186734773437387,ADEH8486633849468597,BDE6874734827726498
1,1,1,2709953GI,8789495795497856,FX7X48428XXXXXX99,CEX38X0078XX0XX9X8,ABX184650XX00XXXXX,BCGX582592XX25XXXXX
1,3,1,2709953GI,9859565694976643,AHX36537668388X694,B81636458X48X5964,E848525898X855736,AB86355647XX9XXX65
2,1,5,2801972RA,77699358953364X8,B40508085X4XX0XX7,F707X6057X50605X6,G508XX0X306-003XX,B005XX00XX50X09XX
2,2,5,2801972RA,X788558786X744X6,A66363693XXX87888,C77756276X8777867,C82864473X6684867,FX1575357X6897687
2,1,5,2802971RA,XXXX90585-X8X55X,X63860XX88X9X765,XXXXX0XX70X5X178,XX53X0X0X538X7X7,XXX0X08-34X-6455
2,2,5,2802971RA,8985733676X86654,A986685X9X5X868X7,XX9993756685X3X5,B9XXXX38X63X798X7,C999XX18444999786
2,1,1,2804976CV,6757627454655467,BE9176717687656788,CEX674718778786566,BX478817564786798,DG9673616653777597
1,1,5,2807951SA,6748459577998767,BC799889988X899X99,BC799863898X999X89,BDG798999989XX89987,CD7889997699999979
1,2,5,2807951SA,8365753666453564,B6855572885757837,A5454455544475758,B5257785955457738,E5355677666637667
1,3,5,2807951SA,9658469599996756,BX467456577XX4579,E5968925766657896,G588992566968674X,E5X7978867875696X
2,1,4,2807962SU,79XX4176869150X7,BD1X991042989713X5,BDF8XX60010275801X7,DH0X892030118320X5,BDE1XX73170279674X5
2,2,4,2807962SU,88XX6037X87857XX,B72795021X87X169X,BE96888055XX9X28XX,BDE689940759X6X779X,E62XX80368X1X14XX
2,3,4,2807962SU,69973074965578X6,BE35841060826887X4,BDE6878603578683786,DF767310604861X797,DE39741072198X7898
1,1,1,2808961EL,8965377677687684,ABCDEF8984863787488596,ABDEGX881517786587796,ABCEFX882313786889997,ABDEXX838119973979X8
1,3,1,2808961EL,6882267482996X86,B72706027X0XX7XX3,F9060X009XX0XXXX3,FXX80000X700XXXX0,EXXX0X00X8XXXXXX1
1,3,3,2810942DE,588755X78839X758,B4025358698285754,F9175525769-44464,A87747359-914X39X,EXX375026500XXX97
1,2,3,2812951KI,6478496352853525,E6885315267646234,B8872512524382674,C6182516516933184,A837361462467-697
2,2,2,2901961LY,8932367354788453,D2268211111372481,F7868314222472273,A5898122111388386,C9999544255798577
1,1,2,2904930ST,866564789587458X,BD9X9XX089X269289X,FGHXXX5X06X0050009X,CG97X9X09-70X0308X,DF8X89718700514065
1,2,2,2904930ST,XX9682989773228X,BG667282773587038X,G356391441736X75X,EG776750862776145X,BDG787682833-632359
1,3,2,2904930ST,959692788X530589,DG15X4X2779XX2128X,CG5597X17668X5348X,CGH4286X28869X2229X,FG7576819639X2218X
2,1,2,2906962KA,5567545554884467,D6999866765888788,C7777656565887777,B7898867666988987,C6878655556876777
2,2,2,2906962KA,5777657555776666,B7567657565766776,F7577557465567665,E6666557556756676,F6456547355666575
2,3,2,2906962KA,7777666676878676,D6878658677687787,D9988746776468787,B6778755675697987,D7878645567578787
2,1,2,2907971JU,7X12199375139532,B7775637571486863,E687552447-288844,F9762618258787632,D6925523158865633
2,2,2,2907971JU,6957235784797976,FX188213359641798,C6193112269111299,B6153213162191965,E755721135X371857
2,3,2,2907971JU,7967477588487855,F8578636478375866,B6878576487494866,E3373432859876888,A8873536557238673
1,1,5,2911953ST,557X649788XX9897,BE78926228869X5897,C3X64800759XX8X77,BCEG88X1900X796X8X9X,E2873715556675776
2,1,2,2912962JA,7677578776776767,B8877303481685566,B7778719472798865,E777860X164772588,FX779902291X9786X
2,2,3,2912962JA,7777768774787767,F7776778879677857,E8764533797798997,F7884757566999987,F989675489879X78X
1,1,1,3001960CA,365X489X75488657,A20481X9163458120,B3025452466375235,E6046242122145632,B6144632843677687
1,2,1,3001960CA,6379588985788867,D35357208X4110183,DG5446712956435476,DEG677X805368745646,D64790X4757685286
1,3,1,3001960CA,4677377543877X89,B4055466537692887,D3866842-792-5158,A3845025002339204,D7568911504X35297
2,1,1,3003922US,9978815793997897,BEFX89791389X997867,BEX83790X8XX9X6848,BE99688199XX987827,BEFXX67X399XX9X7879
2,2,1,3003922US,8959924899889878,BEF98369X689X886868,BE894899989X997848,EF98899X7999887878,BEF9989957899997978
2,1,3,3003963MI,58853595X311836X,B9075824792199588,E9088739995188558,B808882X676158398,E9149925998099859
2,2,3,3003963MI,8588258598299669,A8994629591299298,D89955295932XX698,E7967419598159495,C9998739593299887
1,1,2,3004921AN,XXXX70498555X8XX,GH87X8X06X578X57X7,BFXXX8X059530866XX,EFX888803X570X46X6,DGXX99X07X556544XX
1,2,2,3004921AN,748X7357473785XX,BH8488743751461773,CH9848324465564667,FH7484705764252556,BE8477735664660887
1,1,3,3009930ER,5-78477278-69444,BDF6888802566061787,EF6767714425120155,D2663001005250272,A0000103013032080
1,2,3,3009930ER,5577329247277-59,ACD6775228285317262,BE8888226355177355,DFXXX7705705050088,EFXXXX6008880XXXXX
1,3,3,3009930ER,547534747868-599,BE62885037X50-2777,B82775027X4194286,E707760-7X-1--79X,AE84883373X40786X9
1,1,2,3009941AN,X678736656787533,B9X823042741X1X65,AF8976515374288765,E8665644667567866,BFH9897545456286935
1,1,3,3009952AN,8X86724654105245,A7569646594548375,D7856756376319542,F9956735372139352,D9946525452147352
1,2,3,3009952AN,9987956877689766,B8X78935795267689,D8869756796589758,C8967844784988685,D8865934594787787
1,3,3,3009952AN,8775644583758545,B7864724591389756,B8743511584398624,F8867534385678742,D4761301413457573
2,1,1,3009963HE,7865631664976777,BC6676642799999998,ABCF7677722798999999,C7666623577888798,B6566611777886797
2,2,1,3009963HE,6474633655555446,A52655114617775XX,B43366114448886XX,A4334312536X444XX,BC5457700550X885XX
1,1,3,3012953SA,8X562528X86X9748,G64602868957X8X8X,F99925027X9-97996,DXX689699XX468479,D985335642X2373XX
1,2,3,3012953SA,X8985776876X8999,B39715074X47XXX9X,B46755425691X8987,E89872X76X76XX657,B0X85501XX70XXXXX
1,3,3,3012953SA,7867256287689978,B77755243781X7986,EF748251172768XX83,ABF82X27223293XXXX1,CD278290036X0XXXX3
2,1,2,3108971GA,6857483375376525,B51556331957X2785,C4253714295893956,B78768077X58XX964,D8X887047X78XX957
2,2,2,3108971GA,5287647582477578,B6248628432688657,C6267436463753357,F8278627676685875,B7277628462187856
2,3,2,3108971GA,7586676687599999,BDFXX896069X7XX6754,AFXXXX8058571797XX,FX8XXX0680702X9XX,FX4XX7069082257XX
2,1,2,3110972CH,5988448374358557,G63784573X5893778,B7678547475384768,H3975248267674578,F737512X145336247
2,2,2,3110972CH,797563777586X767,B62768265X89X7776,F90885294X3578629,E73687494X8387635,B7245426193497534
2,3,2,3110972CH,796X656584739458,B6967665798598457,E8X75765478245668,D7X96553478767478,BEF67837647498X5776
2,1,4,3112900YU,7769938763766511,D7X68627673838637,F7363411627327492,G3137365427225627,H4375433435336377
2,2,4,3112900YU,6889738464721124,F3275367683613185,E7265898998221377,G6262783684313577,4172782894344587
,,,,,,,,
,,,,,,,,
,,,,,,,,
,,,,,,,,
,,,,,,,,
,,,,,,,,
,,,,,,,,
,,,,,,,,
,,,,,,,,
,,,,,,,,
,,,,,,,,
,,,,,,,,
,,,,,,,,
,,,,,,,,
,,,,,,,,
,,,,,,,,
,,,,,,,,
,,,,,,,,
,,,,,,,,
,,,,,,,,
,,,,,,,,
,,,,,,,,
,,,,,,,,
,,,,,,,,
,,,,,,,,
,,,,,,,,
,,,,,,,,
,,,,,,,,
,,,,,,,,
,,,,,,,,
,,,,,,,,
,,,,,,,,
,,,,,,,,
,,,,,,,,
,,,,,,,,
,,,,,,,,
,,,,,,,,
,,,,,,,,
,,,,,,,,
,,,,,,,,
,,,,,,,,
,,,,,,,,
,,,,,,,,
,,,,,,,,
,,,,,,,,
,,,,,,,,
,,,,,,,,
,,,,,,,,
,,,,,,,,
,,,,,,,,
,,,,,,,,
,,,,,,,,
,,,,,,,,
,,,,,,,,
,,,,,,,,
,,,,,,,,
,,,,,,,,
,,,,,,,,
,,,,,,,,
,,,,,,,,
,,,,,,,,
,,,,,,,,
,,,,,,,,
,,,,,,,,
,,,,,,,,
,,,,,,,,
,,,,,,,,
,,,,,,,,
,,,,,,,,
,,,,,,,,
,,,,,,,,
,,,,,,,,
,,,,,,,,
,,,,,,,,
,,,,,,,,
,,,,,,,,
,,,,,,,,
,,,,,,,,
,,,,,,,,
,,,,,,,,
,,,,,,,,
,,,,,,,,
,,,,,,,,
,,,,,,,,
,,,,,,,,
,,,,,,,,
,,,,,,,,
,,,,,,,,
,,,,,,,,
,,,,,,,,
,,,,,,,,
,,,,,,,,
,,,,,,,,
,,,,,,,,
,,,,,,,,
,,,,,,,,
,,,,,,,,
,,,,,,,,
,,,,,,,,
,,,,,,,,
,,,,,,,,
,,,,,,,,
,,,,,,,,
,,,,,,,,
,,,,,,,,
,,,,,,,,
,,,,,,,,
,,,,,,,,
,,,,,,,,
,,,,,,,,
,,,,,,,,
,,,,,,,,
,,,,,,,,
,,,,,,,,
,,,,,,,,
,,,,,,,,
,,,,,,,,
,,,,,,,,
,,,,,,,,
,,,,,,,,
,,,,,,,,
,,,,,,,,
,,,,,,,,
,,,,,,,,
,,,,,,,,
,,,,,,,,
,,,,,,,,
,,,,,,,,
,,,,,,,,
,,,,,,,,
,,,,,,,,
,,,,,,,,
,,,,,,,,
,,,,,,,,
,,,,,,,,
,,,,,,,,
,,,,,,,,
,,,,,,,,
,,,,,,,,
,,,,,,,,
,,,,,,,,
,,,,,,,,
,,,,,,,,
,,,,,,,,
,,,,,,,,
,,,,,,,,
,,,,,,,,
,,,,,,,,
,,,,,,,,
,,,,,,,,
,,,,,,,,
,,,,,,,,
,,,,,,,,
,,,,,,,,
,,,,,,,,
,,,,,,,,
,,,,,,,,
,,,,,,,,
,,,,,,,,
,,,,,,,,
,,,,,,,,
,,,,,,,,
,,,,,,,,
,,,,,,,,
,,,,,,,,
,,,,,,,,
,,,,,,,,
,,,,,,,,
,,,,,,,,
,,,,,,,,
,,,,,,,,
,,,,,,,,
,,,,,,,,
,,,,,,,,
,,,,,,,,
,,,,,,,,
,,,,,,,,
,,,,,,,,
,,,,,,,,
,,,,,,,,
,,,,,,,,
,,,,,,,,
,,,,,,,,
,,,,,,,,
,,,,,,,,